age,spectacle_prescription,astigmatic,Lenses
young,Myope,No,No Contact Lenses
young,Myope,Yes,Soft Contact Lenses
young,Hypermetrope,No,No Contact Lenses
young,Hypermetrope,Yes,Hard Contact Lenses
pre-presbyopic,Myope,No,No Contact Lenses
pre-presbyopic,Myope,Yes,Soft Contact Lenses
pre-presbyopic,Hypermetrope,No,No Contact Lenses
pre-presbyopic,Hypermetrope,Yes,Hard Contact Lenses
young,Myope,No,No Contact Lenses
young,Myope,Yes,Soft Contact Lenses
young,Hypermetrope,No,No Contact Lenses
young,Hypermetrope,Yes,Hard Contact Lenses
pre-presbyopic,Myope,No,No Contact Lenses
pre-presbyopic,Myope,Yes,Soft Contact Lenses
pre-presbyopic,Hypermetrope,No,No Contact Lenses
pre-presbyopic,Hypermetrope,Yes,Hard Contact Lenses
young,Myope,No,No Contact Lenses
young,Myope,Yes,Soft Contact Lenses
young,Hypermetrope,No,No Contact Lenses
young,Hypermetrope,Yes,Hard Contact Lenses
pre-presbyopic,Myope,No,No Contact Lenses
pre-presbyopic,Myope,Yes,Soft Contact Lenses
pre-presbyopic,Hypermetrope,No,No Contact Lenses
pre-presbyopic,Hypermetrope,Yes,Hard Contact Lenses
